NetworkName,ChannelName
American Forces Network,AFN Prime Atlantic
American Forces Network,AFN Family
American Forces Network,AFN Guide
American Forces Network,AFN Prime Pacific
American Forces Network,AFN Sports 2
American Forces Network,AFN Spectrum
American Forces Network,AFN News
American Forces Network,AFN Movie
American Forces Network,AFN Sports
Anuvu,Anuvu
Walesi,Walesi
MySat,MySat
Warner Bros. Discovery,TNT Chile
Warner Bros. Discovery,Space Latinoamérica
Warner Bros. Discovery,Space México
Warner Bros. Discovery,Space Sur
Warner Bros. Discovery,Space Chile
Warner Bros. Discovery,TNT América Latina
Warner Bros. Discovery,TNT Brasil
Warner Bros. Discovery,TNT México
Warner Bros. Discovery,TNT Argentina
Warner Bros. Discovery,Space Brasil
Paramount International Networks,Paramount Network Canada
Paramount International Networks,Paramount Network East
Paramount International Networks,Paramount Network Caribbean
Paramount International Networks,Paramount Network West
China Radio International,China Radio International
Intelsat,Intelsat
NHK World Network,NHK Educational TV
NHK World Network,NHK General TV
NHK World Network,NHK BS 4K
NHK World Network,NHK BS 8K
NHK World Network,NHK BS 1
NHK World Network,NHK BS Premium
Pasifika TV,Pasifika TV
BBC World Service,BBC One South
BBC World Service,BBC One Yorkshire & Lincolnshire
BBC World Service,BBC One
BBC World Service,BBC Red Button 1
BBC World Service,BBC One Wales
BBC World Service,BBC One London
BBC World Service,BBC Two
BBC World Service,BBC One Channel Islands
BBC World Service,BBC Alba
BBC World Service,BBC One North East & Cumbria
BBC World Service,BBC One Scotland
BBC World Service,BBC One South West
BBC World Service,BBC One West
BBC World Service,BBC One Yorkshire
BBC World Service,BBC One South East
BBC World Service,BBC One Northern Ireland
BBC World Service,BBC Three
BBC World Service,BBC One West Midlands
BBC World Service,BBC One Delay
BBC World Service,CBBC
BBC World Service,BBC One North West
BBC World Service,BBC One East
BBC World Service,BBC Two Wales
BBC World Service,BBC Parliament
BBC World Service,BBC Two Delay
BBC World Service,BBC Two Northern Ireland
BBC World Service,BBC Four
BBC World Service,BBC One East Midlands
BBC World Service,BBC Two England
ABS-CBN,ABS-CBN
ABC Sydney,ABC Sydney
ABC Melbourne,ABC Melbourne
Freeview,Freeview
ABC NSW,ABC Me Queensland
ABC NSW,ABC TV Queensland
ABC NSW,ABC TV Plus South East
ABC NSW,ABC Me NT
ABC NSW,ABC TV NT
ABC NSW,ABC TV Victoria
ABC NSW,ABC TV Plus SA
ABC NSW,ABC Me SA
ABC NSW,ABC Me South East
ABC NSW,ABC TV Plus NT
ABC NSW,ABC Me WA
ABC NSW,ABC TV Plus NSW
ABC NSW,ABC TV WA
ABC NSW,ABC Me Victoria
ABC NSW,ABC TV Tasmania
ABC NSW,ABC Kids NT
ABC NSW,ABC TV Plus WA
ABC NSW,ABC Kids WA
ABC NSW,ABC TV
ABC NSW,ABC Kids SA
ABC NSW,ABC News
ABC NSW,ABC TV SA
ABC NSW,ABC TV Plus Victoria
ABC NSW,ABC Kids NSW
ABC NSW,ABC Kids South East
ABC NSW,ABC Me NSW
ABC NSW,ABC TV Plus Queensland
ABC NSW,ABC Kids Queensland
ABC NSW,ABC TV NSW
ABC NSW,ABC Kids Victoria
ABC SA,ABC Me Queensland
ABC SA,ABC TV Queensland
ABC SA,ABC TV Plus South East
ABC SA,ABC Me NT
ABC SA,ABC TV NT
ABC SA,ABC TV Victoria
ABC SA,ABC TV Plus SA
ABC SA,ABC Me SA
ABC SA,ABC Me South East
ABC SA,ABC TV Plus NT
ABC SA,ABC Me WA
ABC SA,ABC TV Plus NSW
ABC SA,ABC TV WA
ABC SA,ABC Me Victoria
ABC SA,ABC TV Tasmania
ABC SA,ABC Kids NT
ABC SA,ABC TV Plus WA
ABC SA,ABC Kids WA
ABC SA,ABC TV
ABC SA,ABC Kids SA
ABC SA,ABC News
ABC SA,ABC TV SA
ABC SA,ABC TV Plus Victoria
ABC SA,ABC Kids NSW
ABC SA,ABC Kids South East
ABC SA,ABC Me NSW
ABC SA,ABC TV Plus Queensland
ABC SA,ABC Kids Queensland
ABC SA,ABC TV NSW
ABC SA,ABC Kids Victoria
ABC NT,ABC Me Queensland
ABC NT,ABC TV Queensland
ABC NT,ABC TV Plus South East
ABC NT,ABC Me NT
ABC NT,ABC TV NT
ABC NT,ABC TV Victoria
ABC NT,ABC TV Plus SA
ABC NT,ABC Me SA
ABC NT,ABC Me South East
ABC NT,ABC TV Plus NT
ABC NT,ABC Me WA
ABC NT,ABC TV Plus NSW
ABC NT,ABC TV WA
ABC NT,ABC Me Victoria
ABC NT,ABC TV Tasmania
ABC NT,ABC Kids NT
ABC NT,ABC TV Plus WA
ABC NT,ABC Kids WA
ABC NT,ABC TV
ABC NT,ABC Kids SA
ABC NT,ABC News
ABC NT,ABC TV SA
ABC NT,ABC TV Plus Victoria
ABC NT,ABC Kids NSW
ABC NT,ABC Kids South East
ABC NT,ABC Me NSW
ABC NT,ABC TV Plus Queensland
ABC NT,ABC Kids Queensland
ABC NT,ABC TV NSW
ABC NT,ABC Kids Victoria
ABC WA,ABC Me Queensland
ABC WA,ABC TV Queensland
ABC WA,ABC TV Plus South East
ABC WA,ABC Me NT
ABC WA,ABC TV NT
ABC WA,ABC TV Victoria
ABC WA,ABC TV Plus SA
ABC WA,ABC Me SA
ABC WA,ABC Me South East
ABC WA,ABC TV Plus NT
ABC WA,ABC Me WA
ABC WA,ABC TV Plus NSW
ABC WA,ABC TV WA
ABC WA,ABC Me Victoria
ABC WA,ABC TV Tasmania
ABC WA,ABC Kids NT
ABC WA,ABC TV Plus WA
ABC WA,ABC Kids WA
ABC WA,ABC TV
ABC WA,ABC Kids SA
ABC WA,ABC News
ABC WA,ABC TV SA
ABC WA,ABC TV Plus Victoria
ABC WA,ABC Kids NSW
ABC WA,ABC Kids South East
ABC WA,ABC Me NSW
ABC WA,ABC TV Plus Queensland
ABC WA,ABC Kids Queensland
ABC WA,ABC TV NSW
ABC WA,ABC Kids Victoria
ABC Victoria,ABC Me Queensland
ABC Victoria,ABC TV Queensland
ABC Victoria,ABC TV Plus South East
ABC Victoria,ABC Me NT
ABC Victoria,ABC TV NT
ABC Victoria,ABC TV Victoria
ABC Victoria,ABC TV Plus SA
ABC Victoria,ABC Me SA
ABC Victoria,ABC Me South East
ABC Victoria,ABC TV Plus NT
ABC Victoria,ABC Me WA
ABC Victoria,ABC TV Plus NSW
ABC Victoria,ABC TV WA
ABC Victoria,ABC Me Victoria
ABC Victoria,ABC TV Tasmania
ABC Victoria,ABC Kids NT
ABC Victoria,ABC TV Plus WA
ABC Victoria,ABC Kids WA
ABC Victoria,ABC TV
ABC Victoria,ABC Kids SA
ABC Victoria,ABC News
ABC Victoria,ABC TV SA
ABC Victoria,ABC TV Plus Victoria
ABC Victoria,ABC Kids NSW
ABC Victoria,ABC Kids South East
ABC Victoria,ABC Me NSW
ABC Victoria,ABC TV Plus Queensland
ABC Victoria,ABC Kids Queensland
ABC Victoria,ABC TV NSW
ABC Victoria,ABC Kids Victoria
ABC Queensland,ABC Me Queensland
ABC Queensland,ABC TV Queensland
ABC Queensland,ABC TV Plus South East
ABC Queensland,ABC Me NT
ABC Queensland,ABC TV NT
ABC Queensland,ABC TV Victoria
ABC Queensland,ABC TV Plus SA
ABC Queensland,ABC Me SA
ABC Queensland,ABC Me South East
ABC Queensland,ABC TV Plus NT
ABC Queensland,ABC Me WA
ABC Queensland,ABC TV Plus NSW
ABC Queensland,ABC TV WA
ABC Queensland,ABC Me Victoria
ABC Queensland,ABC TV Tasmania
ABC Queensland,ABC Kids NT
ABC Queensland,ABC TV Plus WA
ABC Queensland,ABC Kids WA
ABC Queensland,ABC TV
ABC Queensland,ABC Kids SA
ABC Queensland,ABC News
ABC Queensland,ABC TV SA
ABC Queensland,ABC TV Plus Victoria
ABC Queensland,ABC Kids NSW
ABC Queensland,ABC Kids South East
ABC Queensland,ABC Me NSW
ABC Queensland,ABC TV Plus Queensland
ABC Queensland,ABC Kids Queensland
ABC Queensland,ABC TV NSW
ABC Queensland,ABC Kids Victoria
Bricast,Bricast
RTRS 1,RTRS 1
RTRS,RTRS
GMA Network,GMA TV
GMA Network,GMA Pinoy TV Middle East
GMA Network,GMA News TV
GMA Network,I Heart Movies
GMA Network,GMA Pinoy TV USA & Canada
GMA Network,GMA Pinoy TV Asia-Pacific
GMA Network,GTV
GMA Network,GMA Life TV
GMA Network,Pinoy Hits
Solar Entertainment,Solar Entertainment
Zoe Broadcasting Network,Zoe Broadcasting Network
Viva Entertainment,Sari Sari Channel
Viva Entertainment,Viva Cinema
People's TV,People's TV
SpeedCast,SpeedCast
TV 5 Network,TV 5
VTV,VTV Can Tho
VTV,VTV 7
VTV,VTV 4
VTV,VTV 3
VTV,VTV 9
VTV,VTV 1
VTV,VTV 8
VTV,VTV 2
VTV,VTV 5
MWD Digital TV,MWD Digital TV
LaoSat,LaoSat
CCTV,CCTV 12
CCTV,CCTV 14
CCTV,CCTV 17
CCTV,CCTV 8
CCTV,CCTV 5
CCTV,CCTV 10
CCTV,CCTV 1
CCTV,CCTV 3
CCTV,CCTV 15
CCTV,CCTV 11
CCTV,CCTV 4 Asia
CCTV,CCTV 4 America
CCTV,CCTV 16
CCTV,CCTV 4 Europe
CCTV,CCTV 9
CCTV,CCTV 7
CCTV,CCTV 5+
CCTV,CCTV 2
CCTV,CCTV 6
CCTV,CCTV 13
Shanghai Media Group,Golden Life
Shanghai Media Group,Leyou Channel
Shanghai Media Group,New Vision
Shanghai Media Group,Channel Young
Shanghai Media Group,Channel Cartoon
Shanghai Media Group,Dragon TV International
Shanghai Media Group,Channel Joy
Shanghai Media Group,City Play
Shanghai Media Group,GreatSports Channel
Xizang TV,Xizang TV Chinese
Xizang TV,Xizang TV Tibetan
Xinjiang TV,Xinjiang TV
Sky PerfecTV!,Sky PerfecTV!
Chunghwa Telecom,Chunghwa Telecom
AsiaSat,AsiaSat
Metra TV,Metra TV
CGTN,CGTN Documentary
CGTN,CGTN
Sichuan TV,Sichuan TV 1
Sichuan TV,Sichuan Rural Channel
Sichuan TV,Sichuan Kangba Tibetan TV
JSBC,JSBC
CETV,CETV 2
CETV,CETV 4
CETV,CETV 1
CETV,CETV Early Education
Nei Monggol TV,Nei Monggol Chinese TV
Nei Monggol TV,Nei Monggol TV Children Channel
Nei Monggol TV,Nei Monggol TV Agriculture & Animal Channel
Nei Monggol TV,Nei Monggol TV
Nei Monggol TV,Nei Monggol TV News Channel
Nei Monggol TV,Nei Monggol TV 2 Mongolian Culture Channel
Nei Monggol TV,Nei Monggol TV Economic & Life Channel
Nei Monggol TV,Nei Monggol TV Culture Entertainment Channel
China National Radio,China National Radio
Sahara Samay,Samay Rajasthan
Sahara Samay,Samay UP/Uttarakhand
Sahara Samay,Samay Maharashtra/Gujarat
Sahara Samay,Samay MP/Chhattisgarh
Sahara Samay,Samay National
Sahara Samay,Aalami Samay
Sahara Samay,Samay Bihar/Jharkhand
RTRS Yakutia,RTRS Yakutia
CCTV,CCTV
BBS,BBS Channel 2
BBS,BBS TV
RSCC,RSCC
Russkiy Mir,Russkiy Mir
Gazprom Space Systems,Gazprom Space Systems
RTRS Krasnoyarsk,RTRS Krasnoyarsk
RTRS Tomsk,RTRS Tomsk
TAS,TAS
NER Taipei,NER Taipei
Voice of Strait,Voice of Strait
Raj TV Network,Raj News Malayalam
Raj TV Network,Raj Musix Malayalam
Raj TV Network,Raj Pariwar
Raj TV Network,Raj Musix Tamil
Raj TV Network,Raj TV
Raj TV Network,Raj Digital Plus
Raj TV Network,Raj Musix Telugu
Raj TV Network,Raj News Telugu
Raj TV Network,Raj News
Raj TV Network,Raj Nagaichuvai
Kantipur Media Group,Kantipur Media Group
Doordarshan,Doordarshan
AIR,DD Assam
AIR,DD Uttar Pradesh
AIR,DD Bharati
AIR,DD Bangla
AIR,DD Girnar
AIR,DD Saptagiri
AIR,DD Kashir
AIR,DD Sports
AIR,DD Rajasthan
AIR,DD Madhya Pradesh
AIR,DD Odia
AIR,DD India
AIR,DD Yadagiri
AIR,DD Punjabi
AIR,DD Arun Prabha
AIR,DD Malayalam
AIR,DD Bihar
AIR,DD National
AIR,DD Sahyadri
AIR,DD Chandana
AIR,DD Kisan
AIR,DD Urdu
AIR,DD Tamil
KTN,KTN News
KTN,KTN Home
IPP Media,IPP Media
TBC,TBC 1
TBC,TBC 2
TRBNA,TRBNA
Voice of America,Voice of America
TV5Monde,TV5Monde
Tata Communications,Tata Communications
Indiasign,Indiasign
Sun TV Network,Sun Marathi
Sun TV Network,Sun Bangla
Sun TV Network,Udaya Movies
Sun TV Network,KTV +1
Sun TV Network,Chutti TV
Sun TV Network,Sun Life +1
Sun TV Network,Sun Music
Sun TV Network,Surya Movies
Sun TV Network,Sun TV US
Sun TV Network,Gemini Movies
Sun TV Network,Gemini TV
Sun TV Network,Sun TV
Sun TV Network,Surya TV
Sun TV Network,Surya Comedy
Sun TV Network,Sun Neo
Sun TV Network,Udaya Music
Sun TV Network,Udaya Comedy
Sun TV Network,Sun Bangla Cinema
Sun TV Network,Gemini Comedy
Sun TV Network,Kiran TV
Sun TV Network,Sun Life
Sun TV Network,Sun News
Sun TV Network,Kochu TV
Sun TV Network,Adithya TV
Sun TV Network,Gemini Music
Sun TV Network,Surya Music
Sun TV Network,Kushi TV
Sun TV Network,Chintu TV
Sun TV Network,KTV
Sun TV Network,Gemini Life
Sun TV Network,Udaya TV
Sun TV Network,Udaya News
New Delhi TV,NDTV 24x7
Indo Teleports,Indo Teleports
Encompass,Encompass
Planetcast,Planetcast
RMS Radio,RMS Radio
ZNBC,ZNBC TV 3
ZNBC,ZNBC TV 2
ZNBC,ZNBC TV 4
ZNBC,ZNBC TV 1
BFBS,BFBS Extra
BFBS,BFBS Navy
BFBS,BFBS Sport
BFBS,BFBS Extra Delay
Alhurra TV,Alhurra TV Iraq
Alhurra TV,Alhurra TV
VoA,VoA TV Indian Ocean
VoA,VoA TV Asia
VoA,VoA TV Afghanistan
VoA,VoA TV Europe
VoA,VoA TV Africa
VoA,VoA TV Global
RTRS 2,RTRS 2
RTRS Smolensk,RTRS Smolensk
RTRS Bryansk,RTRS Bryansk
RTRS Yaroslavl,RTRS Yaroslavl
RTRS Belgorod,RTRS Belgorod
RTRS Rostov,RTRS Rostov
RTRS Krasnodar,RTRS Krasnodar
RTRS Sochi,RTRS Sochi
Saudi Broadcasting Authority,Thikrayat TV
North Telecom,North Telecom
Twofour54,Twofour54
GEM Group,GEM Group
Arqiva,Arqiva
Du,Du
Wide Network Solutions,Wide Network Solutions
Persiana Media Group,4 Music
Persiana Media Group,Persiana Two
Persiana Media Group,4 Turk +
Persiana Media Group,Persiana One
Persiana Media Group,Persiana HD
Persiana Media Group,Persiana Cinema
Persiana Media Group,Persiana Junior
Persiana Media Group,Persiana Nostalgia
Persiana Media Group,Persiana Science
Persiana Media Group,Persiana Sonnati
Persiana Media Group,Persiana Rap
Persiana Media Group,Persiana Music
Persiana Media Group,Persiana Latino
Persiana Media Group,Persiana Turkiye
Persiana Media Group,Persiana Korea
Persiana Media Group,4 Kurd
Persiana Media Group,Persiana Family
Persiana Media Group,Persiana Iranian
Persiana Media Group,Persiana Comedy
Persiana Media Group,Poker TV
Persiana Media Group,4 Turk
RTRS Yamal,RTRS Yamal
RTRS Saratov,RTRS Saratov
RTRS Yugoria,RTRS Yugoria
RTRS Tyumen,RTRS Tyumen
RTRS Chelyabinsk,RTRS Chelyabinsk
Silverbird TV,Silverbird TV
RTRS Stavropol,RTRS Stavropol
RTRS Tula,RTRS Tula
RTRS Kaluga,RTRS Kaluga
RTRS Karelija,RTRS Karelija
RTRS Murmansk,RTRS Murmansk
RTRS Voronezh,RTRS Voronezh
Dunya Media Group,Dunya News UK
Dunya Media Group,Dunya News
Dunya Media Group,Dunya News USA
VU TV Network,VU TV Network 2
VU TV Network,VU TV Network 4
VU TV Network,VU TV Network 3
VU TV Network,VU TV Network 1
Suno FM,Suno FM
TeleNest,TeleNest
Geo TV Network,Geo News International
Geo TV Network,Geo TV
Geo TV Network,Geo UK
Geo TV Network,Geo Middle East
Geo TV Network,Geo USA
Geo TV Network,Geo News
Express,Express News
SS Creative Solutions,SS Creative Solutions
Radio Pakistan,Radio Pakistan
PTV Network,PTV Home
PTV Network,AJK TV
PTV Network,PTV Global
PTV Network,PTV Bolan
PTV Network,PTV National Peshawar
PTV Network,PTV National Multan
PTV Network,PTV National Karachi
PTV Network,PTV World
PTV Network,PTV News
AVT Channels,AVT Channels
KTN Network,Kashish
KTN Network,KTN
Hum Network,Hum Network
DalSat Global,DalSat Global
Hit Radio,Hit Radio
Arabsat,Arabsat
ASBU Bouquet,ASBU Bouquet
Signet,Signet
EClutch,EClutch
Rwanda TV,Rwanda TV
Rwanda TV,KC2
StarTimes TV Kenya,ST Naija
StarTimes TV Kenya,ST Yorùbá
StarTimes TV Kenya,ST Sports Arena
StarTimes TV Kenya,ST Bollywood
StarTimes TV Kenya,ST Makula
StarTimes TV Kenya,StarTimes TV Guide Kenya
StarTimes TV Kenya,ST Adepa
StarTimes TV Kenya,ST Am'mobi
StarTimes TV Kenya,StarTimes TV Guide Swahili
StarTimes TV Kenya,ST Chinese Homeland
StarTimes TV Kenya,ST Nollywood
StarTimes TV Kenya,ST Mania
StarTimes TV Kenya,ST Novela P
StarTimes TV Kenya,ST Sports Life
StarTimes TV Kenya,ST Swahili
StarTimes TV Kenya,ST Novela F Plus
StarTimes TV Kenya,ST Novela F
StarTimes TV Kenya,ST World Football
StarTimes TV Kenya,ST Nollywood F
StarTimes TV Kenya,ST Sports Premium
StarTimes TV Kenya,StarTimes TV Guide Nigeria
StarTimes TV Kenya,ST Beta Sports
StarTimes TV Kenya,ST Bongo
StarTimes TV Kenya,ST Nollywood Plus
StarTimes TV Kenya,Katong
StarTimes TV Kenya,ST Sports Focus
StarTimes TV Kenya,ST Afrik
StarTimes TV Kenya,ST Rembo TV
StarTimes TV Kenya,ST Ganza
StarTimes TV Kenya,StarTimes TV Guide Français
New World TV,NW Transnat
New World TV,NW Sport 1
New World TV,NW Cinema
New World TV,NW Info Français
New World TV,NW Magazine
New World TV,NW Info English
TVT,TVT
IMPD TV,IMPD TV Espírito Santo
IMPD TV,IMPD TV Worldwide
IMPD TV,IMPD TV Goiânia
IMPD TV,IMPD TV Rondônia
IMPD TV,IMPD TV Belo Horizonte
IMPD TV,IMPD TV
IMPD TV,IMPD TV Africa
IMPD TV Worldwide,IMPD TV Espírito Santo
IMPD TV Worldwide,IMPD TV Worldwide
IMPD TV Worldwide,IMPD TV Goiânia
IMPD TV Worldwide,IMPD TV Rondônia
IMPD TV Worldwide,IMPD TV Belo Horizonte
IMPD TV Worldwide,IMPD TV
IMPD TV Worldwide,IMPD TV Africa
IMPD TV Rondônia,IMPD TV Espírito Santo
IMPD TV Rondônia,IMPD TV Worldwide
IMPD TV Rondônia,IMPD TV Goiânia
IMPD TV Rondônia,IMPD TV Rondônia
IMPD TV Rondônia,IMPD TV Belo Horizonte
IMPD TV Rondônia,IMPD TV
IMPD TV Rondônia,IMPD TV Africa
CruiseSat,CruiseSat
Rai Way Sicilia 1,Rai Way Sicilia 1
CRTV,CRTV
CRTV,CRTV News
CRTV,CRTV Sports and Entertainment
TopStar,TopStar
Vivacom MCPC,Vivacom Arena
RFI,RFI
TV Sul Bahia,TV Sul Bahia
TV Barriga Verde,TV Barriga Verde
Rede Centro Oeste,Rede Centro Oeste
TPA,TPA
ORTM,ORTM 1
ORTM,ORTM 2
TV Cidade Fortaleza,TV Cidade Fortaleza
Rede Pampa de Rádios,Rede Pampa de Rádios
TV Cidade Verde Piauí,TV Cidade Verde Piauí
TV Pampa,TV Pampa
TV Antena 10,TV Antena 10
TV Tropical,TV Tropical
TV Correio,TV Correio
TDA,TDA
RTP,RTP Internacional Europa
RTP,RTP Açores
RTP,RTP 1
RTP,RTP Internacional América
RTP,RTP Memória
RTP,RTP África
RTP,RTP 2
RTP,RTP Madeira
RTP,RTP Internacional Ásia
RTP,RTP 3
TV Tarobá Cascavel,TV Tarobá Cascavel
TV Guararapes,TV Guararapes
Sertel,Sertel
Box Brazil,FashionTV Brazil
Box Brazil,Box Brazil Play
Box Brazil,Box Kids TV
Suyapa TV,Suyapa TV
Rede Amazônica,Rede Amazônica Itacoatiara
Rede Amazônica,TV Liberal
Rede Amazônica,TV Fronteira
Rede Amazônica,RBS TV Santa Cruz
Rede Amazônica,RPC Curitiba
Rede Amazônica,Rede Amazônica Porto Velho
Rede Amazônica,Globo Internacional
Rede Amazônica,TV Mirante Cocais
Rede Amazônica,TV Gazeta Alagoas
Rede Amazônica,TV Verdes Mares Cariri
Rede Amazônica,RBS TV Caxias do Sul
Rede Amazônica,Rede Amazônica Boa Vista
Rede Amazônica,RBS TV Santa Maria
Rede Amazônica,TV Integração Juiz de Fora
Rede Amazônica,TV Morena Campo Grande
Rede Amazônica,TV Sergipe
Rede Amazônica,Globo On
Rede Amazônica,NSC TV Centro-Oeste
Rede Amazônica,Rede Amazônica Rio Branco
Rede Amazônica,EPTV Ribeirão Preto e região
Rede Amazônica,TV Mirante São Luís
Rede Amazônica,Rede Amazônica Manaus
Rede Amazônica,Globo África
Rede Amazônica,Rede Globo
Rede Amazônica,NSC TV Blumenau
Rede Amazônica,Rede Amazônica Humaitá
Rede Amazônica,TV TEM Bauru
Rede Amazônica,TV Asa Branca
Rede Amazônica,TV Centro América Sinop
Rede Amazônica,TV Morena Ponta Porã
Rede Amazônica,TV Centro América Rondonópolis
Rede Amazônica,TV Globo Rio de Janeiro
Rede Amazônica,EPTV Sul de Minas
Rede Amazônica,TV Centro América Cuiabá
Rede Amazônica,RPC Ponta Grossa
Rede Amazônica,NSC TV Florianópolis
Rede Amazônica,RPC Londrina
Rede Amazônica,Rede Clube
Rede Amazônica,Rede Amazônica Vilhena
Rede Amazônica,TV Mirante Imperatriz
Rede Amazônica,TV Integração
Rede Amazônica,RBS TV Passo Fundo
Rede Amazônica,TV Globo São Paulo
Rede Amazônica,TV Verdes Mares
Rede Amazônica,RPC Paranavaí
Rede Amazônica,RBS TV Pelotas
Rede Amazônica,Globo Portugal
Rede Amazônica,RPC Maringá
Rede Amazônica,Inter TV Costa Branca
Rede Amazônica,Inter TV Grande Minas
Rede Amazônica,EPTV Campinas e região
Rede Amazônica,TV Integração Araxá
Rede Amazônica,Rede Amazônica Carauari
Rede Amazônica,RBS TV Porto Alegre
Rede Amazônica,TV TEM São José do Rio Preto
Rede Amazônica,Inter TV Vales de Minas Gerais
Rede Amazônica,TV TEM Itapetininga
Rede Amazônica,Rede Amazônica Ji-Paraná
Rede Amazônica,TV Cabo Branco
Rede Amazônica,TV Anhanguera Goiânia
Rede Amazônica,TV Diário Mogi das Cruzes
Rede Amazônica,TV Tapajós
Rede Amazônica,TV Tribuna
Rede Amazônica,Inter TV Cabugi
Rede Amazônica,NSC TV Chapecó
Rede Amazônica,Rede Amazônica Ariquemes
Rede Amazônica,NSC TV Criciúma
Rede Amazônica,TV Rio Sul
Rede Amazônica,Inter TV Alto Litoral
Rede Amazônica,TV Globo Nordeste
Rede Amazônica,RPC Foz do Iguaçu
Rede Amazônica,NSC TV Joinville
Rede Amazônica,TV Gazeta Espírito Santo
Rede Amazônica,Inter TV Serra+Mar
Rede Amazônica,EPTV Central
Rede Amazônica,RPC Cascavel
Rede Amazônica,TV TEM Sorocaba
Rede Amazônica,Rede Amazônica Cruzeiro do Sul
Rede Amazônica,TV Integração Uberaba
Rede Amazônica,Rede Amazônica Coari
Rede Amazônica,Rede Amazônica Rorainópolis
Rede Amazônica,TV Globo Brasília
Rede Amazônica,Rede Amazônica Parinitins
Rede Amazônica,TV Globo Minas
Rede Amazônica,Rede Amazônica Manacapuru
TV Pai Eterno,TV Pai Eterno
Rede Mais,Rede Mais
,
Grupo ATV,Global TV
Grupo ATV,Latele
Grupo ATV,ATV+
Grupo ATV,ATV
Grupo ATV,ATV Sur
Antena 7,Antena 7
SiBCI,SiBCI
CRP Radios,CRP Radios
Latina,Latina
IRTP,IRTP
Televicentro,TSi
Televicentro,Canal 5 El Lider
Televicentro,Telecadena 7 y 4
Televicentro,Mega Clásicos
Grupo RPP,Grupo RPP
Televisa Networks,Golden Edge
Televisa Networks,Univisión Latinoamérica
Televisa Networks,Tlnovelas Europa
Televisa Networks,Adrenalina Sports Network
HBO Network Latinoamérica,HBO Chile
HBO Network Latinoamérica,Cinemax Latinoamérica
HBO Network Latinoamérica,HBO Signature Latinoamérica
HBO Network Latinoamérica,HBO 2 Latinoamérica
HBO Network Latinoamérica,HBO Latinoamérica
HBO Network Latinoamérica,HBO HD Latinoamérica
HBO Network Latinoamérica,HBO Family Latinoamérica
Artear,Artear
Albavisión,Albavisión
Walt Disney TV,Walt Disney TV
Repretel,Canal 11
Repretel,Canal 4
Repretel,Canal 6
Turner,Turner
ESPN,ESPN Premium Argentina
ESPN,Longhorn Network
CNN,HLN
CNN,CNN International Europe
CNN,CNN International Asia Pacific
CNN,CNN International North America
CNN,CNN International South Asia
CNN,CNN Airport
CNN,CNN International Latin America
CNN,HLN International
Bloomberg TV,Bloomberg Quicktake
Bloomberg TV,Bloomberg TV UK
Bloomberg TV,Bloomberg TV Africa
Bloomberg TV,Bloomberg TV Australia
Bloomberg TV,Bloomberg TV Asia
Bloomberg TV,Bloomberg TV Europe
Bloomberg TV,Bloomberg TV US
Igreja Cristã Maranata,Igreja Cristã Maranata
SportsMax,SportsMax
SportsMax,SportsMax 2 Norte
SportsMax,SportsMax 2
Caracol TV,Caracol TV
Caracol TV,Caracol TV Alterno
TV Nacional de Chile,TVN
TV Nacional de Chile,NTV
Paramount Networks Americas,Paramount Network Canada
Paramount Networks Americas,Paramount Network East
Paramount Networks Americas,Paramount Network Caribbean
Paramount Networks Americas,Paramount Network West
Enlace,Enlace
CTN,WEPH-TV
CTN,KNLJ-TV
CTN,CTN
CTN,WCLF-TV
CTN,WHNO-TV
CTN,WVLR-TV
CTN,WRXY-TV
CTN,WTJR-TV
CTN,KWHB-TV
CTN,WGNM-TV
María+Visión,María+Visión Italia
María+Visión,María+Visión
Teletrak,Teletrak
TV A Crítica,TV A Crítica
Rede Bahia,TV Subaé
Rede Bahia,TV Santa Cruz
Rede Bahia,TV Oeste
Rede Bahia,TV São Francisco
Rede Bahia,TV Sudoeste
Rede Bahia,TV Bahia
TV Jangadeiro,TV Jangadeiro
TV Mais Família,TV Mais Família
TV Alterosa,TV Alterosa Zona da Mata
TV Alterosa,TV Alterosa Interior
TV Alterosa,TV Alterosa Leste
TV Alterosa,TV Alterosa Centro-Oeste
TV Serra Dourada,TV Serra Dourada
RBI TV,RBI TV
Rede 21,Rede 21
TV Gazeta Alagoas,Rede Amazônica Itacoatiara
TV Gazeta Alagoas,TV Liberal
TV Gazeta Alagoas,TV Fronteira
TV Gazeta Alagoas,RBS TV Santa Cruz
TV Gazeta Alagoas,RPC Curitiba
TV Gazeta Alagoas,Rede Amazônica Porto Velho
TV Gazeta Alagoas,Globo Internacional
TV Gazeta Alagoas,TV Mirante Cocais
TV Gazeta Alagoas,TV Gazeta Alagoas
TV Gazeta Alagoas,TV Verdes Mares Cariri
TV Gazeta Alagoas,RBS TV Caxias do Sul
TV Gazeta Alagoas,Rede Amazônica Boa Vista
TV Gazeta Alagoas,RBS TV Santa Maria
TV Gazeta Alagoas,TV Integração Juiz de Fora
TV Gazeta Alagoas,TV Morena Campo Grande
TV Gazeta Alagoas,TV Sergipe
TV Gazeta Alagoas,Globo On
TV Gazeta Alagoas,NSC TV Centro-Oeste
TV Gazeta Alagoas,Rede Amazônica Rio Branco
TV Gazeta Alagoas,EPTV Ribeirão Preto e região
TV Gazeta Alagoas,TV Mirante São Luís
TV Gazeta Alagoas,Rede Amazônica Manaus
TV Gazeta Alagoas,Globo África
TV Gazeta Alagoas,Rede Globo
TV Gazeta Alagoas,NSC TV Blumenau
TV Gazeta Alagoas,Rede Amazônica Humaitá
TV Gazeta Alagoas,TV TEM Bauru
TV Gazeta Alagoas,TV Asa Branca
TV Gazeta Alagoas,TV Centro América Sinop
TV Gazeta Alagoas,TV Morena Ponta Porã
TV Gazeta Alagoas,TV Centro América Rondonópolis
TV Gazeta Alagoas,TV Globo Rio de Janeiro
TV Gazeta Alagoas,EPTV Sul de Minas
TV Gazeta Alagoas,TV Centro América Cuiabá
TV Gazeta Alagoas,RPC Ponta Grossa
TV Gazeta Alagoas,NSC TV Florianópolis
TV Gazeta Alagoas,RPC Londrina
TV Gazeta Alagoas,Rede Clube
TV Gazeta Alagoas,Rede Amazônica Vilhena
TV Gazeta Alagoas,TV Mirante Imperatriz
TV Gazeta Alagoas,TV Integração
TV Gazeta Alagoas,RBS TV Passo Fundo
TV Gazeta Alagoas,TV Globo São Paulo
TV Gazeta Alagoas,TV Verdes Mares
TV Gazeta Alagoas,RPC Paranavaí
TV Gazeta Alagoas,RBS TV Pelotas
TV Gazeta Alagoas,Globo Portugal
TV Gazeta Alagoas,RPC Maringá
TV Gazeta Alagoas,Inter TV Costa Branca
TV Gazeta Alagoas,Inter TV Grande Minas
TV Gazeta Alagoas,EPTV Campinas e região
TV Gazeta Alagoas,TV Integração Araxá
TV Gazeta Alagoas,Rede Amazônica Carauari
TV Gazeta Alagoas,RBS TV Porto Alegre
TV Gazeta Alagoas,TV TEM São José do Rio Preto
TV Gazeta Alagoas,Inter TV Vales de Minas Gerais
TV Gazeta Alagoas,TV TEM Itapetininga
TV Gazeta Alagoas,Rede Amazônica Ji-Paraná
TV Gazeta Alagoas,TV Cabo Branco
TV Gazeta Alagoas,TV Anhanguera Goiânia
TV Gazeta Alagoas,TV Diário Mogi das Cruzes
TV Gazeta Alagoas,TV Tapajós
TV Gazeta Alagoas,TV Tribuna
TV Gazeta Alagoas,Inter TV Cabugi
TV Gazeta Alagoas,NSC TV Chapecó
TV Gazeta Alagoas,Rede Amazônica Ariquemes
TV Gazeta Alagoas,NSC TV Criciúma
TV Gazeta Alagoas,TV Rio Sul
TV Gazeta Alagoas,Inter TV Alto Litoral
TV Gazeta Alagoas,TV Globo Nordeste
TV Gazeta Alagoas,RPC Foz do Iguaçu
TV Gazeta Alagoas,NSC TV Joinville
TV Gazeta Alagoas,TV Gazeta Espírito Santo
TV Gazeta Alagoas,Inter TV Serra+Mar
TV Gazeta Alagoas,EPTV Central
TV Gazeta Alagoas,RPC Cascavel
TV Gazeta Alagoas,TV TEM Sorocaba
TV Gazeta Alagoas,Rede Amazônica Cruzeiro do Sul
TV Gazeta Alagoas,TV Integração Uberaba
TV Gazeta Alagoas,Rede Amazônica Coari
TV Gazeta Alagoas,Rede Amazônica Rorainópolis
TV Gazeta Alagoas,TV Globo Brasília
TV Gazeta Alagoas,Rede Amazônica Parinitins
TV Gazeta Alagoas,TV Globo Minas
TV Gazeta Alagoas,Rede Amazônica Manacapuru
TV Thathi Vale,TV Thathi Vale
Boa Vontade TV,Boa Vontade TV
Rede CNT Rio de Janeiro,Rede CNT Curitiba
Rede CNT Rio de Janeiro,Rede CNT Satélite
Rede CNT Rio de Janeiro,Rede CNT Rio de Janeiro
SIC TV,SIC TV
TV Gazeta São Paulo,TV Gazeta São Paulo
Fundação Cultural Riograndense,Fundação Cultural Riograndense
SBT Rio,SBT Rede 1
SBT Rio,VTV
SBT Rio,SBT SP
SBT Rio,SBT Rede 2
SBT Rio,SBT Internacional America
SBT Rio,SBT Brasília
SBT Rio,SBT Nacional
SBT Rio,SBT Rio
SBT Rio,SBT Rio Grande
SBT Rio,SBT Pará
TV Thathi Campinas,TV Thathi Campinas
TV Thathi Campinas,TV Sucesso
TV Thathi Campinas,Record Interior SP
TV Thathi Campinas,Record Belém
TV Thathi Campinas,Record Bahia
TV Thathi Campinas,Record Litoral e Vale
TV Thathi Campinas,Record Manaus
TV Thathi Campinas,Record Interior RJ
TV Thathi Campinas,Record Rio
Band Vale,Band Bahia
Band Vale,Band Rede
Band Vale,Band Rio Interior
Band Vale,Band Ceará
Band Vale,Band RS
Band Vale,Band SP Interior
Band Vale,Band São Paulo
Band Vale,Band Amazonas
Band Vale,Band Vale
Band Vale,Band Nacional
Band Vale,Band Triângulo
Band Vale,Band Sat
Band Vale,Band Alternativo
Band Vale,Band Rio
Band Vale,Band Minas
TV Aparecida,TV Aparecida
Band Amazonas,Band Bahia
Band Amazonas,Band Rede
Band Amazonas,Band Rio Interior
Band Amazonas,Band Ceará
Band Amazonas,Band RS
Band Amazonas,Band SP Interior
Band Amazonas,Band São Paulo
Band Amazonas,Band Amazonas
Band Amazonas,Band Vale
Band Amazonas,Band Nacional
Band Amazonas,Band Triângulo
Band Amazonas,Band Sat
Band Amazonas,Band Alternativo
Band Amazonas,Band Rio
Band Amazonas,Band Minas
Band Bahia,Band Bahia
Band Bahia,Band Rede
Band Bahia,Band Rio Interior
Band Bahia,Band Ceará
Band Bahia,Band RS
Band Bahia,Band SP Interior
Band Bahia,Band São Paulo
Band Bahia,Band Amazonas
Band Bahia,Band Vale
Band Bahia,Band Nacional
Band Bahia,Band Triângulo
Band Bahia,Band Sat
Band Bahia,Band Alternativo
Band Bahia,Band Rio
Band Bahia,Band Minas
Canais Globo,Premiere FC 7
Canais Globo,Premiere Clubes
Canais Globo,Combate
Canais Globo,Premiere FC 2
Canais Globo,Premiere FC 9
Canais Globo,SporTV 2 Alternativo
Canais Globo,Modo Viagem
Canais Globo,Gloobinho
Canais Globo,Premiere FC 1
Canais Globo,SporTV 3
Canais Globo,Premiere FC 8
Canais Globo,Premiere FC 6
Canais Globo,Canal Off
Canais Globo,GNT
Canais Globo,Gloob
Canais Globo,Multishow
Canais Globo,Mosaico SporTV
Canais Globo,Canal Brasil
Canais Globo,Premiere FC 4
Canais Globo,Bis
Canais Globo,SporTV 2
Canais Globo,Viva
Canais Globo,Premiere FC 5
Canais Globo,SporTV Alternativo
Canais Globo,Premiere FC 10
Canais Globo,Premiere FC 3
TV Canção Nova,TV Canção Nova
Band SP Interior,Band Bahia
Band SP Interior,Band Rede
Band SP Interior,Band Rio Interior
Band SP Interior,Band Ceará
Band SP Interior,Band RS
Band SP Interior,Band SP Interior
Band SP Interior,Band São Paulo
Band SP Interior,Band Amazonas
Band SP Interior,Band Vale
Band SP Interior,Band Nacional
Band SP Interior,Band Triângulo
Band SP Interior,Band Sat
Band SP Interior,Band Alternativo
Band SP Interior,Band Rio
Band SP Interior,Band Minas
Band Minas,Band Bahia
Band Minas,Band Rede
Band Minas,Band Rio Interior
Band Minas,Band Ceará
Band Minas,Band RS
Band Minas,Band SP Interior
Band Minas,Band São Paulo
Band Minas,Band Amazonas
Band Minas,Band Vale
Band Minas,Band Nacional
Band Minas,Band Triângulo
Band Minas,Band Sat
Band Minas,Band Alternativo
Band Minas,Band Rio
Band Minas,Band Minas
Band Rio Interior,Band Bahia
Band Rio Interior,Band Rede
Band Rio Interior,Band Rio Interior
Band Rio Interior,Band Ceará
Band Rio Interior,Band RS
Band Rio Interior,Band SP Interior
Band Rio Interior,Band São Paulo
Band Rio Interior,Band Amazonas
Band Rio Interior,Band Vale
Band Rio Interior,Band Nacional
Band Rio Interior,Band Triângulo
Band Rio Interior,Band Sat
Band Rio Interior,Band Alternativo
Band Rio Interior,Band Rio
Band Rio Interior,Band Minas
Band Paraná,Band Paraná
Band Campinas,Band Campinas
Big Brother Brasil,Big Brother Brasil
Grupo Bandeirantes,Band Bahia
Grupo Bandeirantes,Band Rede
Grupo Bandeirantes,Band Rio Interior
Grupo Bandeirantes,Band Ceará
Grupo Bandeirantes,Band RS
Grupo Bandeirantes,Band SP Interior
Grupo Bandeirantes,Band São Paulo
Grupo Bandeirantes,Band Amazonas
Grupo Bandeirantes,Band Vale
Grupo Bandeirantes,Band Nacional
Grupo Bandeirantes,Band Triângulo
Grupo Bandeirantes,Band Sat
Grupo Bandeirantes,Band Alternativo
Grupo Bandeirantes,Band Rio
Grupo Bandeirantes,Band Minas
Band RS,Band Bahia
Band RS,Band Rede
Band RS,Band Rio Interior
Band RS,Band Ceará
Band RS,Band RS
Band RS,Band SP Interior
Band RS,Band São Paulo
Band RS,Band Amazonas
Band RS,Band Vale
Band RS,Band Nacional
Band RS,Band Triângulo
Band RS,Band Sat
Band RS,Band Alternativo
Band RS,Band Rio
Band RS,Band Minas
Inter TV,Inter TV
Fish TV,Fish TV
TV Méxiquense,AMX Noticias
TV Méxiquense,AMX Noticias +1
TV Méxiquense,TV Méxiquense
TV Mirante,Rede Amazônica Itacoatiara
TV Mirante,TV Liberal
TV Mirante,TV Fronteira
TV Mirante,RBS TV Santa Cruz
TV Mirante,RPC Curitiba
TV Mirante,Rede Amazônica Porto Velho
TV Mirante,Globo Internacional
TV Mirante,TV Mirante Cocais
TV Mirante,TV Gazeta Alagoas
TV Mirante,TV Verdes Mares Cariri
TV Mirante,RBS TV Caxias do Sul
TV Mirante,Rede Amazônica Boa Vista
TV Mirante,RBS TV Santa Maria
TV Mirante,TV Integração Juiz de Fora
TV Mirante,TV Morena Campo Grande
TV Mirante,TV Sergipe
TV Mirante,Globo On
TV Mirante,NSC TV Centro-Oeste
TV Mirante,Rede Amazônica Rio Branco
TV Mirante,EPTV Ribeirão Preto e região
TV Mirante,TV Mirante São Luís
TV Mirante,Rede Amazônica Manaus
TV Mirante,Globo África
TV Mirante,Rede Globo
TV Mirante,NSC TV Blumenau
TV Mirante,Rede Amazônica Humaitá
TV Mirante,TV TEM Bauru
TV Mirante,TV Asa Branca
TV Mirante,TV Centro América Sinop
TV Mirante,TV Morena Ponta Porã
TV Mirante,TV Centro América Rondonópolis
TV Mirante,TV Globo Rio de Janeiro
TV Mirante,EPTV Sul de Minas
TV Mirante,TV Centro América Cuiabá
TV Mirante,RPC Ponta Grossa
TV Mirante,NSC TV Florianópolis
TV Mirante,RPC Londrina
TV Mirante,Rede Clube
TV Mirante,Rede Amazônica Vilhena
TV Mirante,TV Mirante Imperatriz
TV Mirante,TV Integração
TV Mirante,RBS TV Passo Fundo
TV Mirante,TV Globo São Paulo
TV Mirante,TV Verdes Mares
TV Mirante,RPC Paranavaí
TV Mirante,RBS TV Pelotas
TV Mirante,Globo Portugal
TV Mirante,RPC Maringá
TV Mirante,Inter TV Costa Branca
TV Mirante,Inter TV Grande Minas
TV Mirante,EPTV Campinas e região
TV Mirante,TV Integração Araxá
TV Mirante,Rede Amazônica Carauari
TV Mirante,RBS TV Porto Alegre
TV Mirante,TV TEM São José do Rio Preto
TV Mirante,Inter TV Vales de Minas Gerais
TV Mirante,TV TEM Itapetininga
TV Mirante,Rede Amazônica Ji-Paraná
TV Mirante,TV Cabo Branco
TV Mirante,TV Anhanguera Goiânia
TV Mirante,TV Diário Mogi das Cruzes
TV Mirante,TV Tapajós
TV Mirante,TV Tribuna
TV Mirante,Inter TV Cabugi
TV Mirante,NSC TV Chapecó
TV Mirante,Rede Amazônica Ariquemes
TV Mirante,NSC TV Criciúma
TV Mirante,TV Rio Sul
TV Mirante,Inter TV Alto Litoral
TV Mirante,TV Globo Nordeste
TV Mirante,RPC Foz do Iguaçu
TV Mirante,NSC TV Joinville
TV Mirante,TV Gazeta Espírito Santo
TV Mirante,Inter TV Serra+Mar
TV Mirante,EPTV Central
TV Mirante,RPC Cascavel
TV Mirante,TV TEM Sorocaba
TV Mirante,Rede Amazônica Cruzeiro do Sul
TV Mirante,TV Integração Uberaba
TV Mirante,Rede Amazônica Coari
TV Mirante,Rede Amazônica Rorainópolis
TV Mirante,TV Globo Brasília
TV Mirante,Rede Amazônica Parinitins
TV Mirante,TV Globo Minas
TV Mirante,Rede Amazônica Manacapuru
TV Encontro das Águas,TV Encontro das Águas
TV Encontro das Águas,TV Encontro das Águas 2.3
TV Encontro das Águas,TV Encontro das Águas 2.2
TV Encontro das Águas,TV Encontro das Águas 2.4
Rede Massa,TV Iguaçu
Rede Massa,TV Cidade Londrina
Rede Massa,TV Tibagi
Rede Massa,TV Naipi
Rede Massa,TV Guará
TV Cultura do Pará,TV Cultura do Pará
TV Assembléia Piauí,TV Assembléia Piauí
NET,NET
TV PE,TV PE
Televisa,Tlnovelas México
Televisa,Nu9ve +1
Televisa,Nu9ve +2
Televisa,Tlnovelas América
Televisa,Nu9ve
Televisa,Canal 5 +1
Televisa,Canal 5 +2
Televisa,Canal 5
Grupo Radio Centro,Grupo Radio Centro
Canal 10 Chiapas,Canal 10 Chiapas
Canal del Congreso 45.1,Canal del Congreso 45.1
IKO MG,IKO MG
Trinity Broadcasting,KETH-TV
Trinity Broadcasting,WHLV-TV
Trinity Broadcasting,KITU-TV
Trinity Broadcasting,WTCE-TV
Trinity Broadcasting,WHFT-TV
Trinity Broadcasting,TBN USA
Univisión,Univisión Este
Univisión,KDTV-TV
Univisión,UniMás Oeste
Univisión,Univisión Oeste
Univisión,Galavisión Este
Univisión,WUVG-TV
Univisión,Galavisión Oeste
Univisión,UniMás Este
Univisión,KUVN-TV
Univisión,KWEX-DT
Univisión,KTVW-TV
Univisión,KUVE-TV
Univisión,Univisión Mountain
Univisión,WLTV-TV
Univisión,KFTV-DT
Univisión,Univision Tlnovelas
MLB Network,MLB Network
MLB Network,MLB Network Alternate
GCI,GCI
ShopHQ,ShopHQ
ShopHQ,ShopHQ Health
C-SPAN,C-SPAN 3
C-SPAN,C-SPAN
C-SPAN,C-SPAN 2
AMC Networks,AMC Networks
NBC Universal,NBC Universal
A+E Networks,Lifetime East
A+E Networks,Lifetime Movies West
A+E Networks,Lifetime Real Women
A+E Networks,Lifetime West
A+E Networks,Crime + Investigation USA
A+E Networks,Lifetime Movies East
Showtime HD East Plex 2,Showtime East
Showtime HD East Plex 2,Showtime Women East
Showtime HD East Plex 2,The Movie Channel Xtra West
Showtime HD East Plex 2,Showtime 2 East
Showtime HD East Plex 2,Showtime Extreme East
Showtime HD East Plex 2,Flix West
Showtime HD East Plex 2,The Movie Channel West
Showtime HD East Plex 2,The Movie Channel Xtra East
Showtime HD East Plex 2,Showtime West
Showtime HD East Plex 2,Showtime 2 West
Showtime HD East Plex 2,Showtime Showcase West
Showtime HD East Plex 2,Sho x Bet East
Showtime HD East Plex 2,Showtime Next West
Showtime HD East Plex 2,Showtime Showcase East
Showtime HD East Plex 2,Showtime Extreme West
Showtime HD East Plex 2,Showtime Next East
Showtime HD East Plex 2,Showtime Women West
Showtime HD East Plex 2,Showtime Family Zone West
Showtime HD East Plex 2,Showtime Family Zone East
Showtime HD East Plex 2,Flix East
Showtime HD East Plex 2,Sho x Bet West
Showtime HD East Plex 2,The Movie Channel East
NASA TV,NASA TV Media
NASA TV,NASA TV UHD
NASA TV,NASA TV Public
Starz,Starz Encore Suspense East
Starz,Starz Kids & Family East
Starz,Starz Edge East
Starz,Starz Encore Action West
Starz,Starz Encore Westerns East
Starz,Starz Encore Classic East
Starz,Starz Encore Black East
Starz,MoviePlex East
Starz,Starz In Black East
Starz,Starz Encore Westerns West
Starz,Starz Encore Español Este
Starz,RetroPlex West
Starz,Starz Comedy West
Starz,Starz Encore West
Starz,Starz Encore Family West
Starz,Starz Edge West
Starz,Starz West
Starz,Starz Encore Black West
Starz,Starz Encore Family East
Starz,IndiePlex West
Starz,IndiePlex East
Starz,Starz East
Starz,Starz Encore Action East
Starz,Starz In Black West
Starz,Starz Comedy East
Starz,Starz Kids & Family West
Starz,Starz Encore East
Starz,Starz Cinema West
Starz,RetroPlex East
Starz,Starz Cinema East
Starz,MoviePlex West
Starz,Starz Encore Suspense West
Starz,Starz Encore Español Oeste
Starz,Starz Encore Classic West
Herring Networks,Herring Networks
MBC America,MBC Drama HD
MBC America,MBC America
SES,SES Ultra HD Demo Channel
Media-Comm,Media-Comm
HBO The Works,HBO Caribbean
HBO The Works,HBO Zone East
HBO The Works,HBO West
HBO The Works,HBO Signature East
HBO The Works,HBO East
HBO The Works,HBO Comedy East
HBO The Works,HBO Comedy West
HBO The Works,HBO 2 East
HBO The Works,HBO Signature West
HBO The Works,HBO 2 West
HBO The Works,HBO Zone West
Bally Sports,Bally Sports Southwest Alternate
Bally Sports,Bally Sports Florida Alternate
Bally Sports,Bally Sports Wisconsin
Bally Sports,Bally Sports Detroit
Bally Sports,Bally Sports Ohio Cleveland
Bally Sports,Bally Sports Ohio
Bally Sports,Bally Sports West
Bally Sports,Bally Sports West Plus
Bally Sports,Bally Sports Southwest Plus
Bally Sports,Bally Sports Arizona
Bally Sports,Bally Sports North Minnesota
Bally Sports,Bally Sports SoCal Plus
Bally Sports,Bally Sports Kansas City
Bally Sports,Bally Sports Midwest Plus
Bally Sports,Bally Sports Sun
Bally Sports,Bally Sports Midwest Alternate
Bally Sports,Bally Sports North
Bally Sports,Bally Sports Netbase
Bally Sports,Bally Sports Arizona Alternate
Bally Sports,Bally Sports Ohio Cincinnati
Bally Sports,Bally Sports San Diego
Bally Sports,Bally Sports North Plus
Bally Sports,Bally Sports South
Bally Sports,Bally Sports Sun Plus
Bally Sports,Bally Sports Alternate
Bally Sports,Bally Sports Ohio Cincinnati Plus
Bally Sports,Bally Sports Oklahoma
Bally Sports,Bally Sports Wisconsin Plus
Bally Sports,Bally Sports San Diego Plus
Bally Sports,Bally Sports Southeast
Bally Sports,Bally Sports Detroit Plus
Bally Sports,Bally Sports Florida
Bally Sports,Bally Sports Southwest
Bally Sports,Bally Sports Florida Plus
Bally Sports,Bally Sports Great Lakes
Bally Sports,Bally Sports SoCal
Bally Sports,Bally Sports Ohio Plus
Bally Sports,Bally Sports Arizona Plus
Bally Sports,Bally Sports Indiana
Bally Sports,Bally Sports New Orleans
Bally Sports,Bally Sports Midwest
EWTN,EWTN
Big Ten Network,Big Ten Network Alternate
Big Ten Network,Big Ten Network
In Demand,In Demand PPV 2
In Demand,In Demand en Español
In Demand,In Demand 7
In Demand,In Demand 2
In Demand,In Demand PPV
In Demand,In Demand 1
In Demand,In Demand 3
ION Media Networks,ION Media Networks
